Team1,Team2,DateOfMatch,Team1ImgSrc,Team2ImgSrc
PSG ,Al-Nassr,26/07/2023,https://upload.wikimedia.org/wikipedia/en/thumb/a/a7/Paris_Saint-Germain_F.C..svg/1200px-Paris_Saint-Germain_F.C..svg.png,https://seeklogo.com/images/A/al-nassr-logo-0E31A3A1E2-seeklogo.com.png
PSG ,Cezero Osaka,29/07/2023,https://upload.wikimedia.org/wikipedia/en/thumb/a/a7/Paris_Saint-Germain_F.C..svg/1200px-Paris_Saint-Germain_F.C..svg.png,https://ssl.gstatic.com/onebox/media/sports/logos/T20Z8bRwgt-eP8J_w5esUw_96x96.png
,,,,
,,,,
,,,,
,,,,
,,,,
,,,,
,,,,
,,,,
,,,,
,,,,
,,,,
,,,,
,,,,
,,,,
,,,,
,,,,
,,,,
,,,,
,,,,
,,,,
,,,,
,,,,
,,,,
,,,,
,,,,
,,,,
,,,,
,,,,
,,,#NAME?,
,,,,
,,,,
,,,,
,,,,
,,,,
,,,,
,,,,